Title,Category,2015,2016,2017
AbaProfethi,Zulu,251,14,82
Aids Devotional book: Likhona ithemba na?,Zulu,8,19,0
Aids Devotional book: Ngaba Likhona ithemba?,Zulu,5,0,10
Aids Devotional Book: Is There Hope?,Zulu,4,8,0
AmaHubo,Zulu,117,77,32
Amazwi kaJesu esiphambanweni,Zulu,1798,1333,1228
Amazwi kaYesu emnqamlezweni (Xhosa),Zulu,1568,759,630
Amandla kaJesu,Zulu,206,170,3
Amandla okunqoba,Zulu,92,45,22
Ifa Labangcwele,Zulu,74,63,3
Imbuzo Abantu Abasha Abayibuzayo,Zulu,128,82,23
Imibuzo Nezimpendulo,Zulu,80,18,37
Incazelo yeZwi lemihla ngemihla 1,Zulu,157,63,30
Incazelo yeZwi lemihla ngemihla 2,Zulu,155,53,81
Indaba Yebandla,Zulu,349,215,40
Inhliziyo yoMuntu,Zulu,,3,185
Inkcazo Yeziqendu soManyano 1,Zulu,,,0
Inkcazo Yeziqendu soManyano 2,Zulu,,,0
Inkosikazi Yomfundisi,Zulu,,61,29
Inkonzo Yamadlozi,Zulu,325,587,73
Inkosi Uqobo Iyeza,Zulu,64,40,6
Inkululeko Uqobo,Zulu,92,34,6
Insindiso Yabakhethiwe,Zulu,64,36,32
Intokozo Epheleleyo,Zulu,57,39,2
Isifundiso seBhayibheli,Zulu,,,
Isihlabelelo Sezihlabelelo,Zulu,,,
Isifundiso seBhayibheli,Zulu,159,125,44
Isihlabelelo seziHlabelelo,Zulu,70,70,2
Isikhonzi Sesivumelwano esisha,Zulu,22,36,6
Isikole Sethu Savela Kanjani,Zulu,4,3,10
Isisebenzi Sebandla,Zulu,167,42,33
I-Thabenakele,Zulu,4,6,34
ULIZWI(Ivangeli ngokukaJohane),Zulu,121,142,58
Ivangeli ngokukaMathewu,Zulu,120,46,1
Izifundo zeSontosikole 1,Zulu,151,323,82
Izifundo zeSontosikole 2,Zulu,116,239,111
Izifundo zeSontosikole 3,Zulu,50,175,11
Izifundo zeSontosikole 4,Zulu,99,89,31
Izindaba zeTestamente elidala,Zulu,229,160,37
Izinkinga Ebandleni Nokulungiswa Kwazo,Zulu,1,280,23
Izithelo zikaMoya ,Zulu,197,128,43
Izitha zobuKristu,Zulu,,1,
KumaHeberu,Zulu,153,90,22
Liyini Ivangeli Lenkululeko na?,Zulu,53,25,2
Masifundisane Ngezaphezulu,Zulu,93,27,2
Nakhu Ukuhlakanipha,Zulu,6,0,0
Ngabanjani Ababusisiweyo na?,Zulu,129,55,78
Ofakazi bakaJehova bedukile ngani?,Zulu,139,76,15
Thokozani eNkosini,Zulu,33,99,32
Ugogo Wethu,Zulu,102,273,5
Uhambo Lwezihambi,Zulu,208,0,241
UJesu uyabuya,Zulu,134,0,0
Ukudla nokuhlanganyela           ,Zulu,,4,0
U-Jobe,Zulu,5,98,5
U-Kristu nebandla,Zulu,214,75,2
Ukukholwa Okusindisayo,Zulu,119,87,27
Ukunikela,Zulu,245,340,87
Ukuthethelelana,Zulu,171,164,102
Ukwambulwa Kwecebo likaNkulunkulu,Zulu,106,33,21
Ukwenza Nokufundisa KukaJesu,Zulu,132,136,59
Umakhulu Wethu,Zulu,,0,5
Umbuso Wezulu,Zulu,124,76,1
Umdobi Wabantu,Zulu,175,240,94
Umhlobo Womshumayeli,Zulu,128,140,78
U-Moya oNgcwele,Zulu,273,229,106
"Umshado Wami, Umshado Wakho",Zulu,6,6,1
Umshumayeli Nomsebenzi Wakhe,Zulu,583,470,329
Umthandazo weNkosi (Zulu),Zulu,223,174,54
Umthandazo weNkosi (Xhosa),Zulu,13,2,0
Umthetho Ogcwalisiweyo,Zulu,64,10,5
Umthetho Nomusa,Zulu,34,4,71
Umuntu Omubi Angalunga Kanjani?,Zulu,131,135,50
Ungubani uNkulunkulu Osezulwini,Zulu,72,42,36
Unkulunkulu Nabesifazane,Zulu,,10,1
Vuka Ngamandla naNgesibindi,Zulu,,18,42
Vumelani Abantwana Beze Kimi,Zulu,264,125,74
Wathunywa Kabili,Zulu,64,32,38
Lord teach us to pray,English,,,
Answers For Your Marriage,English,,124,14
Arise Boldly With Power,English,1,195,11
A Pastor's Wife,English,5,96,30
Distant Boat-DvD,English,,9,
He Gave Himself,English,6,12,17
Our Gran                                                                         ,English,3,13,3
Power of Jesus (Also in IsiZulu)                                                             ,English,211,8,3
Power for Victory (Also in IsiZulu),English,102,34,6
Lord teach us to pray,English,321,44,60
Love and Marriage-Questions Young People Ask,English,1,52,13
Tracts,English,,86,
The Fruit Of Love - Parenting Purposefully,English,2,1,
Your White Religion,English,,25,
HBS Children's Materials (The son of God),Miscellaneous,,,
HBS Children's Materials (A child of God),Miscellaneous,,,
HBS Children's Material (Our Wonderful God),Miscellaneous,,,
Pocket Chats,Miscellaneous,,,
Large Bible Cover,Miscellaneous,,,
"Large, Medium & Small Bible Covers",Miscellaneous,,,
Amagama & Icilongo Covers,Miscellaneous,,,
